,tempo,deslocamento,velocidade,aceleração
0,0.0,0.0,0.0,0.0
1,0.5,0.10049336703843341,0.545455230823222,1.8717841532525514
2,1.0,0.6069665739851791,1.4131062937662249,1.0701697002817594
3,1.5,1.3292259531254251,1.2443393036743637,-1.878862687275364
4,2.0,1.6022612858007268,-0.30163501939155646,-3.8440562185937814
5,2.5,0.9922281175398766,-2.022415969168836,-2.427863352439882
6,3.0,-0.1679796362313586,-2.321838177473099,1.3540497739681787
7,3.5,-1.0152038710945461,-0.8707447519316875,3.9264076488661885
8,4.0,-0.9667449232176032,0.967957997637056,2.7652009172517555
9,4.5,-0.28744669195827643,1.4598538103017598,-0.9242919709325016
10,5.0,0.1888307255993567,0.26464151024975546,-3.299478662068345
11,5.5,-0.06942111256171513,-1.171362388656483,-1.7609151713013982
12,6.0,-0.7076137888773121,-1.0649540390303847,2.2789957513884462
13,6.5,-0.8120980080472335,0.8255045599022535,4.637057660982147
14,7.0,0.1394115287186427,2.8072609823392227,2.5082650098734693
15,7.5,1.64707004103771,2.824742513526986,-2.578072241237217
16,8.0,2.544722820536889,0.5025641785729706,-6.026151372276592
17,8.5,2.048588773308428,-2.363323210026348,-4.543631301983947
18,9.0,0.5037680034994125,-3.409089565091055,0.6330554617802171
19,9.5,-0.9018921152875372,-1.888980560604192,4.854835694314413
20,10.0,-1.198892806229772,0.6635761605496944,4.476212658998752
21,10.5,-0.4664438068379253,1.9355509924094245,0.28143766521210045
22,11.0,0.34576453616640934,1.0298480622987158,-3.403386337180829
23,11.5,0.4008480553137083,-0.7708412855927953,-2.999468608389222
24,12.0,-0.21219603168483664,-1.376627929315474,0.8674636048846109
25,12.5,-0.6203882267912569,-0.007560421123900207,4.106358005356395
26,13.0,-0.0949097451995935,2.038718675252751,3.2904736226852918
27,13.5,1.1722911316322533,2.696141221043683,-0.9507974010010329
28,14.0,2.21272503374571,1.1843506707948723,-4.60634806796576
29,14.5,2.1926421044916293,-1.2318824939698012,-4.275665362839619
30,15.0,1.1853602136321393,-2.4966203889551575,-0.46417110244043025
31,15.5,0.05740428910423345,-1.7436981593025722,3.058463408440022
32,16.0,-0.3858930944408769,-0.03277173979423531,3.095056117715159
33,16.5,-0.12587583572838767,0.83997780618703,0.1433048679516581
34,17.0,0.17990122497625305,0.19565854620476253,-2.303693459190982
35,17.5,-0.014563057712545513,-0.9034591709883794,-1.4771055703100469
36,18.0,-0.5202121602216967,-0.864018780472999,1.7725870406867223
37,18.5,-0.6072175889862976,0.6748599968231589,3.8649196094496308
38,19.0,0.1861822105719093,2.3656884872558255,2.237221764380067
39,19.5,1.4785646825042968,2.4792326309483506,-1.9038351549693502
40,20.0,2.323988925543485,0.6907911568299527,-4.678222985855744
41,20.5,2.0927723669095615,-1.510086563283781,-3.4085755352910088
42,21.0,1.0756666261355008,-2.240041680893878,0.6473597866132166
43,21.5,0.1951314445696457,-1.0631362992484403,3.512341611956008
44,22.0,0.10271086667902596,0.606043255029667,2.4723254026485297
45,22.5,0.5659262896498354,0.9601780479518007,-1.1821258186985026
46,23.0,0.763337857668777,-0.3428598967502008,-3.453470904413213
47,23.5,0.190127255373023,-1.8076297392746357,-1.7105679086444843
48,24.0,-0.7499361770321454,-1.6185702928222012,2.555080679420846
49,24.5,-1.0880025368588542,0.4599940578995061,5.108297581896619
50,25.0,-0.25231928604579357,2.7242010204713467,3.1679703760246545
51,25.5,1.3043231250189313,3.116798739568908,-1.749778435869437
52,26.0,2.454313410664615,1.2183684634016614,-5.211048240436972
53,26.5,2.4053062326346373,-1.3237410411960888,-4.1433782299910975
54,27.0,1.3979494149898688,-2.363899131955784,0.2058974551637247
55,27.5,0.42122137125512227,-1.286321638219749,3.554061586695909
56,28.0,0.23919953016717438,0.4943990857068561,2.8220312189116363
57,28.5,0.69212371852964,1.026004963512909,-0.8848099359284911
58,29.0,0.9470725556023651,-0.20502623096068162,-3.491877668635066
59,29.5,0.4209961038275505,-1.7850912726212405,-2.111904688434329
60,30.0,-0.5670041529472587,-1.8419068379962702,2.0312569006632915
61,30.5,-1.0757919139815002,0.01974567388162196,4.824659309172198
62,31.0,-0.47562973252540297,2.2618187089660817,3.386633291904628
63,31.5,0.9000004688915381,2.89242006157992,-1.0500266506063705
64,32.0,2.036644258386863,1.4002088181340286,-4.363607969177392
65,32.5,2.175444005979501,-0.7805612395227985,-3.6225975356990956
66,33.0,1.478542721703782,-1.7161782928110263,0.07781151986641888
67,33.5,0.7812052374883278,-0.8621695440507423,2.8357296580836158
68,34.0,0.7084112543389488,0.4951769363601518,1.9397661098523318
69,34.5,1.0617763368616056,0.6553000383883694,-1.413291313668776
70,35.0,1.0910414675374787,-0.6896084656442374,-3.4136536268030753
71,35.5,0.3549942045728569,-2.1076645768086744,-1.60735429742789
72,36.0,-0.7271354469087608,-1.8988502139762837,2.506804426729219
73,36.5,-1.2195814654675332,0.1111613635545381,4.90863387787254
74,37.0,-0.5819895968775627,2.2909782004014048,3.093093999870212
75,37.5,0.7658043778619982,2.751203374281809,-1.3614027413758514
76,38.0,1.8057430117179711,1.1838462228787534,-4.306037230901792
77,38.5,1.8642164458662491,-0.8510668675576365,-3.121440102556837
78,39.0,1.2052853731723985,-1.484467070762025,0.7072337335458547
79,39.5,0.6927253201290521,-0.3814032835483159,3.132272879094071
80,40.0,0.8729746736708897,0.9811811114076012,1.6560972906035119
81,40.5,1.411616549522693,0.8772865527833104,-2.127462197084717
82,41.0,1.4570795838439201,-0.8468230611766375,-4.137093065371931
83,41.5,0.565099303355636,-2.5446677496131453,-1.9581423559624445
84,42.0,-0.7582313278294512,-2.389705237667649,2.6302586350554886
85,42.5,-1.4650859510815268,-0.2333269904462565,5.322843340121796
86,43.0,-0.9446527319602642,2.1673203924272717,3.5185280941608448
87,43.5,0.3883979562568294,2.8029840730119733,-1.099491616800873
88,44.0,1.4789682642447557,1.321464228252443,-4.213428779488466
89,44.5,1.6132334426508406,-0.691752897640793,-3.1105402766597603
90,45.0,1.0344533401395988,-1.323828229511413,0.7089654607919154
91,45.5,0.6027092168563473,-0.21859629629359367,3.136629703722348
92,46.0,0.8642424734310302,1.1416013990550553,1.6366586512857837
93,46.5,1.478633583321113,1.0156052612665318,-2.2008920381036674
94,47.0,1.580947949141213,-0.7638653766204493,-4.288574988389848
95,47.5,0.7075856860982798,-2.560296812478406,-2.2010513810247505
96,48.0,-0.6573707340696072,-2.5455058032789943,2.3230861851746623
97,48.5,-1.4803995452264687,-0.5388647080603786,5.0558372530721645
98,49.0,-1.1391797587537558,1.7721700745791198,3.4552293407701193
99,49.5,0.001732702726364499,2.4549653458617495,-0.8388904319058295
100,50.0,0.9645057173815472,1.179703208533189,-3.675753010343903
101,50.5,1.1001125388681892,-0.5421922573389026,-2.535713277669668
102,51.0,0.6594977796916627,-0.9417984541580333,1.0191985565327601
103,51.5,0.4397836230889272,0.2147352868228627,3.027984446338634
104,52.0,0.8885117193375953,1.4333429002394327,1.2199210567433734
105,52.5,1.592465269310058,1.0812301976253778,-2.635036383499305
106,53.0,1.681403629472221,-0.8651950678183049,-4.4976943716297155
107,53.5,0.7428106203288845,-2.7013857620586017,-2.171040420783057
108,54.0,-0.6842232447232768,-2.649324711993447,2.4012922013145266
109,54.5,-1.5543058168837414,-0.6347774370619601,4.9889493284745035
110,55.0,-1.2769865391029502,1.6013830762042072,3.243877058339778
111,55.5,-0.24817070564222954,2.1824453329761155,-0.9902612733959997
112,56.0,0.5698728235789832,0.8955870619651343,-3.5448771945189117
113,56.5,0.594302913165017,-0.6787698488914895,-2.095330824971317
114,57.0,0.14783301736675153,-0.8217577163185336,1.5535760944007864
115,57.5,0.04900836717543794,0.5617449512212754,3.3562262697978724
116,58.0,0.6968772054091499,1.8540575380505242,1.1798062275704542
117,58.5,1.5915099751939314,1.4004912899816626,-2.969752607148109
118,59.0,1.792344151756081,-0.7425609291282103,-4.909739473243303
119,59.5,0.8667539752262384,-2.7636895498432086,-2.478869824525644
120,60.0,-0.6232975507216326,-2.827662459231019,2.240284224552685
121,60.5,-1.5979613178731147,-0.867695400263274,4.919772227206789
122,61.0,-1.443495466047099,1.3468080330999115,3.225040409063915
123,61.5,-0.5415908011613223,1.935461648868349,-0.9322088651070675
124,62.0,0.16520396832934614,0.7071639870369757,-3.364569067706258
125,62.5,0.1231347825647911,-0.748400167053227,-1.8120312019361073
126,63.0,-0.3212546165801394,-0.7437781307724197,1.8396260523941155
127,63.5,-0.34899486401736746,0.7597001691235586,3.5362944226434987
128,64.0,0.41416581029428756,2.1063599905546373,1.2199188492500304
129,64.5,1.4351664755069993,1.6463746673978779,-3.024186320173479
130,65.0,1.749928948194356,-0.5362051932759611,-5.0091276194572405
131,65.5,0.9131367333079616,-2.6193480629564148,-2.6349435555169833
132,66.0,-0.5283292097958063,-2.78582455798222,1.9804054943890363
133,66.5,-1.5192264641169184,-0.9813507139203959,4.570346690419945
134,67.0,-1.4654091017851265,1.0615993298036501,2.919767889934126
135,67.5,-0.7361395583058821,1.5484975311799907,-1.0056128113173153
136,68.0,-0.21807666984124818,0.36440516079811225,-3.1152638679706914
137,68.5,-0.3887693490901749,-0.9034711589116622,-1.3454632332577412
138,69.0,-0.8506424658947078,-0.6611574777994614,2.2790905446068
139,69.5,-0.7907422127934777,1.0092857362896153,3.7432555764530266
140,70.0,0.11121921252783673,2.3922672554698057,1.1729290423042817
141,70.5,1.2625814090865433,1.8737663426070335,-3.1791151517273875
142,71.0,1.6725806811632005,-0.3787615568694671,-5.116304439384211
143,71.5,0.9046969965188476,-2.49609314164769,-2.675992453632098
144,72.0,-0.4808224621278434,-2.6894055016261613,1.8895249991870924
145,72.5,-1.441036070812936,-0.9671752625200474,4.324915456802736
146,73.0,-1.416941200791725,0.9204469545095622,2.568074481483144
147,73.5,-0.8008819058123522,1.2441570800173347,-1.2676917869679136
148,74.0,-0.45712523978910863,-0.006504274277478572,-3.098465559083751
149,74.5,-0.797284316631754,-1.187136052955141,-1.0287850135501317
150,75.0,-1.3531854585464738,-0.7436738002720813,2.7273890433050036
151,75.5,-1.2803128184996238,1.136253281607091,4.100083148534393
152,76.0,-0.2788372421925698,2.647130788765855,1.32265209829115
153,76.5,1.0103535691810486,2.1572163915865876,-3.1977070200914874
154,77.0,1.5558816969919698,-0.12517555871188213,-5.201673618110755
155,77.5,0.9031755659375741,-2.2908160957577945,-2.7848873049075284
156,78.0,-0.39539023500014203,-2.5519500712953573,1.71676222013775
157,78.5,-1.3128539376313135,-0.9415960690691969,4.050201906062414
158,79.0,-1.3134837293574517,0.7927063964404661,2.249341953614885
159,79.5,-0.7985202062179899,0.9756930634599489,-1.48482157464547
160,80.0,-0.6072677046025277,-0.33049489918581,-3.092102499973789
161,80.5,-1.098393145128186,-1.4502484377148468,-0.8062124432846249
162,81.0,-1.7525228137461433,-0.8669595758340377,3.0365062805589913
163,81.5,-1.7037895306142083,1.1586932809674013,4.356310972394996
164,82.0,-0.6633908949474441,2.772878283134638,1.4824994967557532
165,82.5,0.7058464618661853,2.347998079994517,-3.085970440548491
166,83.0,1.3603403926178395,0.11919474590195689,-5.099041821218352
167,83.5,0.8410966896640958,-2.0062965579848306,-2.7438156762318426
168,84.0,-0.3163364715164102,-2.2854782050525815,1.5864782600231755
169,84.5,-1.126385843364448,-0.7950403449732282,3.7064283653694186
170,85.0,-1.1031150604389448,0.7342305484049205,1.8055755991871512
171,85.5,-0.6702483162701536,0.7153432448820979,-1.8105350047422069
172,86.0,-0.6386811483017446,-0.6867199982484135,-3.135712466253053
173,86.5,-1.3006012784692556,-1.756478495642567,-0.582328405820276
174,87.0,-2.0733407501691956,-1.0277454766471772,3.359389668353657
175,87.5,-2.066448038613279,1.14619870611997,4.605810952822324
176,88.0,-1.0065187537014098,2.85444327990005,1.6154315652528366
177,88.5,0.41736550789641047,2.482341132653639,-2.9894261579453647
178,89.0,1.152473833978985,0.3104017885091892,-4.963448160533682
179,89.5,0.7468385563430661,-1.7435239560608289,-2.6118987593795295
180,90.0,-0.26724399255438624,-1.986262148843718,1.5751701882302576
181,90.5,-0.939148083508701,-0.5604913136516751,3.454774507936262
182,91.0,-0.8393318421457951,0.7923900820581078,1.3784254838936172
183,91.5,-0.4321078119470063,0.557227698548365,-2.2087415259232515
184,92.0,-0.5212603892565942,-0.9938700447731267,-3.3110499391116903
185,92.5,-1.3466752988559403,-2.0826550862751176,-0.49228024990044794
186,93.0,-2.262968887527515,-1.264263182127876,3.600090125641732
187,93.5,-2.342854125382386,1.0355698858834494,4.848376884319811
188,94.0,-1.3103655632613989,2.850965690122925,1.8023076048265136
189,94.5,0.13383819989909806,2.5661467786192125,-2.815982576487436
190,95.0,0.9336597195783751,0.4875280579031491,-4.763414876908297
191,95.5,0.6415484831127813,-1.4689802007024968,-2.440807280329527
192,96.0,-0.21922370253759849,-1.660067373339961,1.5887306275065207
193,96.5,-0.7363933922593482,-0.2862854427367527,3.2312957870942483
194,97.0,-0.5363124909222515,0.9062515455080336,0.9857891658187781
195,97.5,-0.12281780525840197,0.46999397152063366,-2.5855758581269512
196,98.0,-0.29610980720654656,-1.2289267623930058,-3.50733990466489
197,98.5,-1.2540336359689954,-2.3613959099840174,-0.4797086260384207
198,99.0,-2.301888241284388,-1.5031765355377802,3.7250832332236086
199,99.5,-2.4844568959990956,0.8644296561041265,4.983342317067245
200,100.0,-1.521094128099252,2.7457985731381496,1.9389061310898956
201,100.5,-0.11027541473162072,2.543108122250566,-2.6124312041941273
202,101.0,0.7077517819132955,0.5904430357317751,-4.468924034415293
203,101.5,0.5053033591586814,-1.2141396600933088,-2.1546959433797115
204,102.0,-0.1982766700515487,-1.3006107575406194,1.6928318538119584
205,102.5,-0.534728275976279,0.05483864558749585,3.0504638726070232
206,103.0,-0.19766570681828288,1.0966121590870825,0.5913465599551212
207,103.5,0.2587699334044599,0.4509145940193252,-2.990559624877669
208,104.0,0.0313175318541451,-1.4130505630297545,-3.7425901158786266
209,104.5,-1.0387905644907094,-2.610287373406491,-0.5126860380699894
210,105.0,-2.209346560115256,-1.7372343528691214,3.79518991480394
211,105.5,-2.4994472023611607,0.6684273538676044,5.055455920288296
212,106.0,-1.6254965012628992,2.5847491440017865,2.0174232575858135
213,106.5,-0.2823908508927857,2.4407056622329857,-2.44094831956828
214,107.0,0.5119323512759422,0.6085993861213546,-4.161745866104893
215,107.5,0.360534484291613,-1.0251457049217194,-1.8065887055551773
216,108.0,-0.20927422870229945,-0.9663317655596093,1.8934397597189616
217,108.5,-0.3649569334676152,0.42164664924544115,2.9706870968399093
218,109.0,0.13364902774219317,1.3572097166672101,0.2687875157539264
219,109.5,0.6750077663844871,0.525348209936484,-3.3768556618902883
220,110.0,0.4399223551534325,-1.5090882631384948,-4.01702217043932
221,110.5,-0.7052988954016249,-2.8022025778231505,-0.6265804580491507
222,111.0,-1.9810737441759625,-1.9592677979864317,3.771861206452817
223,111.5,-2.3839354380447872,0.440809960042047,5.050624631651183
224,112.0,-1.6234756124542358,2.3616330715926597,2.052536835897956
225,112.5,-0.3829750014898863,2.263528077361099,-2.277865553050847
226,113.0,0.3504683454432709,0.5548962813642875,-3.8362848804141425
227,113.5,0.21733302743875754,-0.8940191104102069,-1.4218380931423016
228,114.0,-0.2423869320405566,-0.6677125284468357,2.146105234813741
229,114.5,-0.2279732013611207,0.782543277444617,2.9573441979159005
230,115.0,0.43795760934943956,1.6473375596954614,0.019238003282192384
231,115.5,1.0878492132439082,0.6636551549073748,-3.702924543208977
232,116.0,0.8832256132040864,-1.5196169520680556,-4.26913164042856
233,116.5,-0.2938298118245165,-2.9107788617056185,-0.7726470083810913
234,117.0,-1.6395111700888054,-2.1272549064715225,3.666557628549195
235,117.5,-2.1397292584667147,0.21903914477710273,4.941039226092624
236,118.0,-1.5027230079030054,2.093971908204466,1.9969491198525602
237,118.5,-0.39681469893015175,2.0063149978568195,-2.1627451169783107
238,119.0,0.23198219965947997,0.4101910299972944,-3.5071703903374147
239,119.5,0.07404207713585848,-0.8409394937753742,-0.9918792083611423
240,120.0,-0.30776805606725294,-0.4180229876628998,2.4666254422709883
241,120.5,-0.13885260733552263,1.1303762652163276,3.0170788967477633
242,121.0,0.6968178134184827,1.959634242341778,-0.1641323007461588
243,121.5,1.474004123843784,0.8535699914426547,-3.97890781509852
244,122.0,1.330917046046157,-1.4594524077610924,-4.496547345675407
245,122.5,0.1590787081075018,-2.944486263883188,-0.9277309825857757
246,123.0,-1.2217846197555529,-2.2340336829839003,3.51607891744193
247,123.5,-1.7957739677265412,0.02819942048030022,4.757841342463342
248,124.0,-1.2766603884648589,1.8168055006322614,1.8568676346036965
249,124.5,-0.3204169221087423,1.6992357915762275,-2.1207893763687586
250,125.0,0.17081554793755743,0.18614327297794286,-3.2200092542449195
251,125.5,-0.055058817455031495,-0.8776522904384183,-0.5606970729707881
252,126.0,-0.4017432380928921,-0.24623337408400936,2.832557999098391
253,126.5,-0.10997532190269188,1.4321040063401105,3.155724940800842
254,127.0,0.8830683691226998,2.2695336814579465,-0.25578818775553414
255,127.5,1.7975457348141166,1.0848245022102216,-4.1760284209474205
256,128.0,1.7452004723417118,-1.32658970802576,-4.680384835401481
257,128.5,0.6184206982434419,-2.895139738057636,-1.085438333213692
258,129.0,-0.7583580169854884,-2.2700525557470184,3.3211116856908776
259,129.5,-1.3776248945984368,-0.12140276135450101,4.5044557838978285
260,130.0,-0.9650253233945214,1.5434734321169774,1.6405663168307016
261,130.5,-0.16577725165566892,1.3597780482714186,-2.1453376213536326
262,131.0,0.164149155384456,-0.09895060108378928,-2.9797597159926705
263,131.5,-0.16497822631155923,-0.9925204585067487,-0.15000359527367957
264,132.0,-0.5168305972055303,-0.15490218707956993,3.2106758953300565
265,132.5,-0.1393639891417912,1.6684890796186775,3.3425816681240494
266,133.0,0.9858493855397328,2.5463157128347835,-0.26886022101040297
267,133.5,2.031664738522731,1.3262733488027492,-4.282703706912032
268,134.0,2.0861112913098077,-1.1409791466592625,-4.78932189060025
269,134.5,1.0385964217362647,-2.764911519421794,-1.208777832118857
270,135.0,-0.2915585022696041,-2.22080715700249,3.1091902499951782
271,135.5,-0.9176451679727782,-0.20581318751036504,4.190593217460613
272,136.0,-0.5877643438906213,1.2984066764051707,1.3412431156132592
273,136.5,0.058048811326656735,1.0064155452142112,-2.2518139260769594
274,137.0,0.21014638746121495,-0.43471271345794293,-2.8022764025381672
275,137.5,-0.25421706798016597,-1.182331208491513,0.22750579447997898
276,138.0,-0.6514041216732882,-0.14660601373142446,3.5899883798772216
277,138.5,-0.22808150310872327,1.8312614096072335,3.5655311809308032
278,139.0,0.9983816526679996,2.77532421053511,-0.21630027974360821
279,139.5,2.1607398450255717,1.5575440412700918,-4.307671406951879
280,140.0,2.3271651944578546,-0.9248070365919605,-4.82078688295655
281,140.5,1.382997317514224,-2.570923844162804,-1.279976294554702
282,141.0,0.13625850504610848,-2.091247142009609,2.9099519234644244
283,141.5,-0.45675357632747016,-0.21423222975754586,3.8474602056834986
284,142.0,-0.17683866540320903,1.1057672034939015,0.9792060788723558
285,142.5,0.33294501673136245,0.6688694350974667,-2.438988125517587
286,143.0,0.3048416390896966,-0.7957237204836702,-2.705140480952272
287,143.5,-0.31680977764033463,-1.4335993151484194,0.5435406550348958
288,144.0,-0.7963909214023712,-0.22234667913161155,3.9426869105516626
289,144.5,-0.37070685107317125,1.9075313358449415,3.805817308821323
290,145.0,0.9178086152790645,2.9372601827524036,-0.10506026862073048
291,145.5,2.171848752312459,1.7584102964972501,-4.248364224578255
292,146.0,2.445929401582666,-0.6954542802540449,-4.766578473774715
293,146.5,1.621680136259839,-2.3255796142401266,-1.2875081334943186
294,147.0,0.4905216748076604,-1.8872303224856133,2.7381334253047767
295,147.5,-0.030458414169125092,-0.1442941248780505,3.4930826675810027
296,148.0,0.23576517632002753,0.9773441852389253,0.5734291909574099
297,148.5,0.6350682141648529,0.367557674557626,-2.692447624584219
298,149.0,0.4359885732922143,-1.1568911925697,-2.685050725670461
299,149.5,-0.352671948813862,-1.72325927281382,0.7865109910905201
300,150.0,-0.9422375196472944,-0.3683169533496964,4.244233612757592
301,150.5,-0.5541857325332572,1.8970974890239083,4.033623923633411
302,151.0,0.7534590717127515,3.0178252960459364,0.03999826424644981
303,151.5,2.0645663353297223,1.905193958772325,-4.11645465073386
304,152.0,2.4293749796520654,-0.4784073042411532,-4.622350884479153
305,152.5,1.730033968934726,-2.0487205413053493,-1.2141196293291112
306,153.0,0.7392031825640306,-1.6181163962836747,2.6171047431242815
307,153.5,0.32748213740938953,0.006356483946795999,3.149890099783792
308,154.0,0.6200603250080249,0.9254172154213481,0.14063928957311544
309,154.5,0.9423425808604796,0.12125071015765831,-3.0030580174830184
310,155.0,0.5917033792012638,-1.4968178619366623,-2.7405645898416395
311,155.5,-0.36313012094267516,-2.031057532755085,0.9504518554749455
312,156.0,-1.0812028747489824,-0.5690600525688172,4.481486802418243
313,156.5,-0.7649771294989084,1.8072253010772474,4.229657580995426
314,157.0,0.5199148714564829,3.013685491490559,0.1965269207563416
315,157.5,1.8490485554161737,1.983727059719187,-3.931836197251914
316,158.0,2.278404950665433,-0.29580086084028157,-4.3990404546606925
317,158.5,1.6970853073412198,-1.7646442377053189,-1.057057028721239
318,159.0,0.8601563312238067,-1.3032058818271017,2.5636782810855108
319,159.5,0.5878504609797253,0.22945039687901359,2.8439724628210916
320,160.0,0.9460998508187066,0.9554055982451901,-0.29203657869776967
321,160.5,1.2306871409585363,-0.052588464038686444,-3.3509959583039146
322,161.0,0.7586078842087101,-1.791137166844172,-2.8643689833608628
323,161.5,-0.3490484362063071,-2.332325893613323,1.029568075048392
324,162.0,-1.2030167564862768,-0.8054695029679595,4.638796436946515
325,162.5,-0.9854805701935877,1.6477568656403048,4.373400454887057
326,163.0,0.23708013174378595,2.9242081935961357,0.343861473195881
327,163.5,1.5424152678918008,1.9837789368626009,-3.7117265918020625
328,164.0,2.0031094200935127,-0.16504087978339443,-4.107735362414903
329,164.5,1.523172443828456,-1.4942990446353965,-0.8190866003316599
330,165.0,0.843312083949403,-0.9624144266596056,2.5848699984935077
331,165.5,0.7319235015593786,0.5110282797986644,2.5918627225090325
332,166.0,1.1905789060885221,1.0634456465949127,-0.7015243226446262
333,166.5,1.4778610966905599,-0.14578124318432084,-3.712306041975547
334,167.0,0.9213616108755824,-2.020903750524855,-3.0384885585203265
335,167.5,-0.3145015180173589,-2.60185952113647,1.0302255484574716
336,168.0,-1.29894996696415,-1.0526119391800386,4.708739098202605
337,168.5,-1.1959760254115084,1.436820393829749,4.445802218269684
338,169.0,-0.0689747332397117,2.756211650624796,0.4569924662574345
339,169.5,1.1709905355232324,1.8996439608817566,-3.4800167048199326
340,170.0,1.6242302997571865,-0.10217585570368293,-3.765069822523048
341,170.5,1.219377694848231,-1.2594275604377299,-0.506033805522264
342,171.0,0.688650574424395,-0.6175279982597482,2.686141704794147
343,171.5,0.7499019720346003,0.8344730096237144,2.4082309495566965
344,172.0,1.3375085085384426,1.2418232885783431,-1.0675993247474844
345,172.5,1.666648889767448,-0.1554296743739596,-4.065523007693221
346,173.0,1.0667936036190935,-2.1730869525926613,-3.2445737977009603
347,173.5,-0.26411606904425255,-2.819068728866783,0.9637164707227797
348,174.0,-1.3623295571423668,-1.2866624765643067,4.692611795263624
349,174.5,-1.3781953980098296,1.1961052742943827,4.437066618004412
350,175.0,-0.3708063281445335,2.5239669446880186,0.5165815037044623
351,175.5,0.7666520851027341,1.7343965428469135,-3.261172059125426
352,176.0,1.1721038646789677,-0.11633433955565575,-3.3942139907221724
353,176.5,0.8088496661081659,-1.0790308592606244,-0.13323200681623826
354,177.0,0.40840128841199475,-0.29226010184979134,2.864421245952792
355,177.5,0.6423493709525019,1.1778473683517978,2.3030024025958973
356,178.0,1.378202835978418,1.47624342485135,-1.370450462078494
357,178.5,1.7839448968454408,-0.0845995554611676,-4.386636792324724
358,179.0,1.183243254483143,-2.2390107664610057,-3.460674063390851
359,179.5,-0.20273236591915222,-2.9659092057052394,0.8448878177290347
360,180.0,-1.38752930633493,-1.4845815155265072,4.595281734691596
361,180.5,-1.5148450845801649,0.9484169824819113,4.341496194648752
362,181.0,-0.6408504273871596,2.245040071900765,0.507783245458933
363,181.5,0.3635880833029095,1.4964996147601357,-3.0760895222223015
364,182.0,0.6824134423014652,-0.2101165682828694,-3.017671432752578
365,182.5,0.3232548101379094,-0.9662886265821693,0.28039471116777914
366,183.0,0.025591536829808137,-0.007323485206900293,3.109204868576914
367,183.5,0.42110035817558894,1.51799613407047,2.2771942817755333
368,184.0,1.313567438304914,1.7470579502877357,-1.5973418520483054
369,184.5,1.8228466129384289,0.05579559733231987,-4.654237946853526
370,185.0,1.2612325343837787,-2.217828958949542,-3.66225027539389
371,185.5,-0.1364112626283127,-3.0298271051487604,0.6949621619130001
372,186.0,-1.3720103406876238,-1.6252183037906887,4.429169445238438
373,186.5,-1.5917518953123344,0.7182153380136886,4.159676545372212
374,187.0,-0.8531547998130814,1.9411746431523689,0.4194646602314238
375,187.5,-0.0031898378477651645,1.1997771021127588,-2.9445640786937743
376,188.0,0.1943901441643328,-0.3807422896853425,-2.6588513501481508
377,188.5,-0.19968393681800106,-0.929843692408784,0.7135071601673976
378,189.0,-0.4287884177176491,0.219548746818632,3.406173927083902
379,189.5,0.10690522331117014,1.8324909196411308,2.3266699165533415
380,190.0,1.1530999894926226,2.0325428603840963,-1.7414162975925862
381,190.5,1.7832821202600155,0.24993133326384198,-4.85207147947642
382,191.0,1.2951064992345187,-2.115607500515438,-3.8273051440427595
383,191.5,-0.07100053490712588,-3.0054814091490094,0.5366366408835752
384,192.0,-1.3162593070709423,-1.6928487932768022,4.212216988497513
385,192.5,-1.5996603791510142,0.5280056688880292,3.900162297114192
386,193.0,-0.9866430596773472,1.63621730613601,0.2482729431744315
387,193.5,-0.3016159595175203,0.8634535363333996,-2.8813358302879104
388,194.0,-0.2525192524127772,-0.618507661833087,-2.340220273439647
389,194.5,-0.7186280160441338,-0.9719685185468063,1.1417751404022822
390,195.0,-0.9174504789425362,0.3747859758315035,3.7354753511699954
391,195.5,-0.2718498437874515,2.1000375489788095,2.441012925080389
392,196.0,0.9137346565364566,2.309100982780974,-1.8013679391333093
393,196.5,1.6710475947771044,0.4777075470975818,-4.967847352693541
394,197.0,1.2825274101976256,-1.9441849567577705,-3.935823192858649
395,197.5,-0.012071566144168155,-2.893748300531425,0.39284314240676577
396,198.0,-1.2234639238705094,-1.6772552229890678,3.9649854256818964
397,198.5,-1.5343400651644832,0.3966804418135279,3.576393846743715
398,199.0,-1.0263814142292573,1.353274132831047,-0.0027387458979561963
399,199.5,-0.5053156518513012,0.5092991727790991,-2.8947148215608602
400,200.0,-0.6225426103491203,-0.9083389871341588,-2.0797006439815333
401,200.5,-1.1927978788166347,-1.0881175777759244,1.5419193326822316
402,201.0,-1.4003014674704082,0.4511391283864228,4.07424830926474
403,201.5,-0.6813448878340798,2.303284027241575,2.6035569009363417
404,202.0,0.6189473395856881,2.553525409289211,-1.783457998228177
405,202.5,1.497747594001617,0.715778794761869,-4.995882002980057
406,203.0,1.2246210166367892,-1.7213180415530154,-3.9716545849380736
407,203.5,0.03497393180926456,-2.7024883152134698,0.28613662342407487
408,204.0,-1.1000363435533367,-1.574565096713897,3.7108333074525754
409,204.5,-1.3975012466785601,0.33877926419832316,3.2067730848295284
410,205.0,-0.9648795539878795,1.1138635541979096,-0.3246307469591998
411,205.5,-0.5954140162111092,0.1604268185478438,-2.987360878535393
412,206.0,-0.8860731806037329,-1.2312661740213762,-1.890806633320417
413,206.5,-1.585162350040501,-1.2681396664052522,1.892958979890024
414,207.0,-1.8380202246069226,0.44744224165987334,4.399166575421863
415,207.5,-1.0856777846761982,2.4299805202513607,2.794204063928368
416,208.0,0.29630269286705,2.745344504596114,-1.6998160808388856
417,208.5,1.2796436243670584,0.9402544241038802,-4.937452319868335
418,209.0,1.1260395590004784,-1.4686752007545347,-3.92481777305051
419,209.5,0.06562926618131693,-2.4459693222030223,0.23552101500073075
420,210.0,-0.9549873542738974,-1.3881822515211097,3.4732821740003605
421,210.5,-1.1969054177865242,0.36259298554474007,2.81352862489686
422,211.0,-0.8032188617212522,0.9358636103873502,-0.7021368270870898
423,211.5,-0.562586477578384,-0.1602750547036006,-3.1549316571485613
424,212.0,-1.0223234726585577,-1.5652644944913772,-1.781220756721602
425,212.5,-1.8653504686391917,-1.4964990499753523,2.177241537163244
426,213.0,-2.194968033275083,0.36881562071262364,4.68715921639335
427,213.5,-1.4495846245867066,2.4735409675432134,2.9901982612957836
428,214.0,-0.024878672313963124,2.8678280770028683,-1.5674430493147644
429,214.5,1.0359517739529922,1.1282075916972583,-4.799871819789842
430,215.0,0.9941063042403482,-1.2100144548454137,-3.791285021803319
431,215.5,0.07631550956631972,-2.143232314290241,0.2554343812478279
432,216.0,-0.799258875310786,-1.1279737761603663,3.2738192290848835
433,216.5,-0.9455965738665717,0.46972137225268407,2.4200634249379904
434,217.0,-0.5508214057408037,0.8318540580513487,-1.1156904159447874
435,217.5,-0.40785222797503856,-0.4324650169289619,-3.3866196903308534
436,218.0,-1.0212725646107186,-1.8874168135804366,-1.7516555685327448
437,218.5,-2.0124800303341575,-1.753552147918635,2.3826987658821155
438,219.0,-2.442355574569404,0.22659994653251836,4.917827821457906
439,219.5,-1.7413596163883773,2.4340433501366796,3.167865340308818
440,220.0,-0.31576604067047875,2.909602758742034,-1.4075006198781652
441,220.5,0.7874518042445515,1.2594116506015247,-4.596657524122229
442,221.0,0.8382464602984021,-0.9696703377597138,-3.5736413275961545
443,221.5,0.0644759004398281,-1.8169662636410076,0.35488524508221375
444,222.0,-0.645181189555934,-0.8096143216827938,3.1308731039788826
445,222.5,-0.6611683028919433,0.6551590909798206,2.049689915539664
446,223.0,-0.22484240633057545,0.8085143043194544,-1.5428797817521378
447,223.5,-0.1424484336480057,-0.6396609334338078,-3.6664551642722722
448,224.0,-0.8843353470062181,-2.1757258759793876,-1.7964555761733147
449,224.5,-2.0167617627731156,-2.0173845602529914,2.50339668932247
450,225.0,-2.56064316884663,0.03710113939993187,5.075180282360057
451,225.5,-1.9356286336538204,2.3180437681609933,3.3050290448986104
452,226.0,-0.5505802228045156,2.865671330692963,-1.2430604682875177
453,226.5,0.5546820610006,1.3182705562840895,-4.346245005071445
454,227.0,0.6692507724389697,-0.7703154597952446,-3.2811531046903495
455,227.5,0.02889412978996464,-1.491620257168957,0.5361921435696951
456,228.0,-0.505402818532455,-0.4535147973775051,3.057923529186215
457,228.5,-0.3644000994331486,0.9074007832430033,1.7237555878315725
458,229.0,0.15102843709644892,0.865895141416135,-1.959856392107625
459,229.5,0.21285489771182758,-0.7705169045281276,-3.9740881476910586
460,230.0,-0.6243872475845533,-2.4106306430186764,-1.903787082258205
461,230.5,-1.8802827027936115,-2.2652880433354943,2.539875206742472
462,231.0,-2.5409978384066907,-0.17958661257030473,5.148492414739353
463,231.5,-2.0152644138754763,2.1379606908798494,3.382383586069193
464,232.0,-0.7086267719986463,2.737583811593625,-1.0973755779015306
465,232.5,0.35621212429408966,1.294868337145618,-4.070287398588352
466,233.0,0.49826725376027436,-0.6311787238618509,-2.928633395574998
467,233.5,-0.030321971692368055,-1.1912989024329486,0.7950824763731789
468,234.0,-0.39189406910912317,-0.08296851259622029,3.062413240607877
469,234.5,-0.07751424855993683,1.2095044259793017,1.459656276951268
470,235.0,0.5485739006722032,0.9973912364785619,-2.343585621860571
471,235.5,0.6294790241923915,-0.819890695564396,-4.28658552181712
472,236.0,-0.2647606200510071,-2.5767450489563295,-2.0564712450639364
473,236.5,-1.6169280440854699,-2.4756379072547054,2.4994132332944003
474,237.0,-2.386078934908541,-0.4010904892926317,5.13345164156698
475,237.5,-1.972758949243595,1.9112734893464753,3.3851061732260113
476,238.0,-0.7758610119016518,2.533472259110306,-0.9922108402072434
477,238.5,0.20729578475531496,1.185786365524527,-3.7922365347736964
478,239.0,0.33602244457978603,-0.5666251412955117,-2.5354765275991538
479,239.5,-0.11171293153397177,-0.9380048893183117,1.1210543080038637
480,240.0,-0.31502564502331737,0.277610546119488,3.1453896492316895
481,240.5,0.17754882686964513,1.5404841524439135,1.2697278728686223
482,241.0,0.9373029610711187,1.1904180608565982,-2.673555959831185
483,241.5,1.0733999768801024,-0.78909844286368,-4.580365946040072
484,242.0,0.1627566081865458,-2.664026910688805,-2.2336099338515543
485,242.5,-1.2511367282553802,-2.629686740353776,2.3952282788698587
486,243.0,-2.10974398724524,-0.60467924219815,5.032469359502999
487,243.5,-1.8108026750887398,1.65903006545885,3.3042087915881577
488,244.0,-0.7460114732899346,2.2674141654553805,-0.9458659514769527
489,244.5,0.11868462515777622,0.9944896696875805,-3.5353330051161285
490,245.0,0.1920622238417019,-0.5848743827217071,-2.124166039212911
491,245.5,-0.21243422608693785,-0.7498171048323432,1.498013811273477
492,246.0,-0.28258494497078906,0.6045952964081995,3.3012230547115244
493,246.5,0.3809973576317283,1.876875879399308,1.160202633000333
494,247.0,1.2869457227175265,1.4273216461855731,-2.933304504080102
495,247.5,1.5078971273580548,-0.6858219726445047,-4.832886884300637
496,248.0,0.6205083669686563,-2.668502141362474,-2.4121123303473064
497,248.5,-0.8158499846075594,-2.7129469913484434,2.2454189234393502
498,249.0,-1.7357916134997486,-0.7690006103315183,4.854355157889345
499,249.5,-1.5418996318783857,1.4041639157824983,3.13709013787006
500,250.0,-0.6209301289500918,1.9582390695900203,-0.9718010921383864
501,250.5,0.09588003814049528,0.7309695933359375,-3.320708319734933
502,251.0,0.0740697947266043,-0.6873780483976253,-1.7183466625799204
503,251.5,-0.3284024461585662,-0.6394109230017933,1.9056889021895729
504,252.0,-0.2990423487070744,0.8771126407365912,3.5180948367741447
505,252.5,0.5169205366620275,2.1946819529995794,1.1306386344147161
506,253.0,1.5700453841160333,1.6868047000400654,-3.111862779028151
507,253.5,1.896652448398291,-0.5235403948327622,-5.024543769377923
508,254.0,1.0681133691009017,-2.5926534045194325,-2.5685386382977806
509,254.5,-0.3497758511210267,-2.7163927007505673,2.0716183470946823
510,255.0,-1.295963866054669,-0.8757702699984615,4.613742944421103
511,255.5,-1.1872490974547678,1.1697325395227436,2.887814751121307
512,256.0,-0.4102853165603011,1.6281040658663564,-1.0775981443403775
513,256.5,0.1388839234910637,0.4109837424737368,-3.1658159731740962
514,257.0,-0.01255481204810055,-0.8687292828257471,-1.3410548059861638
515,257.5,-0.45445308197881346,-0.6131130198808138,2.3212109634465774
516,258.0,-0.3650593946828718,1.0786515997783637,3.7790085036655867
517,258.5,0.5746761483405458,2.4712790840020737,1.1740749760133613
518,259.0,1.7642780952000143,1.9456737223783898,-3.204547756226868
519,259.5,2.2068080467018842,-0.3203872920856705,-5.140244755948201
520,260.0,1.4658750907673326,-2.445182745612224,-2.6810633758589413
521,260.5,0.10589388560746693,-2.63719332086863,1.8971643578692237
522,261.0,-0.8272366198791947,-0.9112824476556454,4.329884682958084
523,261.5,-0.7749038774181684,0.9770295917639733,2.5668396733446937
524,262.0,-0.13065496248288444,1.3007180488667334,-1.2642574824596777
525,262.5,0.24234188330562706,0.054836367591463375,-3.082967192965496
526,263.0,-0.06495749844597609,-1.1170388194007541,-1.0128851563769987
527,263.5,-0.5845607458220233,-0.6703622167298708,2.720866752664513
528,264.0,-0.47723735756121183,1.198372595842733,4.063060057684269
529,264.5,0.5499250295322762,2.6871819520370117,1.2775471567327763
530,265.0,1.8543966825685059,2.1806451266962994,-3.2133081656823763
531,265.5,2.4117338660315224,-0.09772228262553151,-5.170545674401197
532,266.0,1.7780947880615665,-2.2403008438291034,-2.7311551573924566
533,266.5,0.510930222214196,-2.478902733646367,1.7452534327788118
534,267.0,-0.36869129285900626,-0.8674716610036559,4.025080657810493
535,267.5,-0.33734367411501737,0.8438935770116394,2.1901235278501057
536,268.0,0.19598149067558052,0.9994315228217806,-1.5261604225796648
537,268.5,0.3961427829160648,-0.31427216210235864,-3.0783522570219874
538,269.0,-0.08289939475774732,-1.4149058640111698,-0.7503134742050767
539,269.5,-0.7121674380683894,-0.8037547164737815,3.0820382799624513
540,270.0,-0.6282306292358397,1.2319925811047299,4.3471359099575455
541,270.5,0.4451474150313499,2.827623966860144,1.4231130835471506
542,271.0,1.8336276208033893,2.370215434573222,-3.146612061647459
543,271.5,2.4933330161832896,0.1215608309384475,-5.112453792961353
544,272.0,1.9760887680957877,-1.9966251135757997,-2.705078088839019
545,272.5,0.829428767528839,-2.2512078067963976,1.6371125325350073
546,273.0,0.041743895948994414,-0.7425677633344767,3.7229549264502446
547,273.5,0.09125823625545992,0.7833008442089466,1.7779024233931184
548,274.0,0.5441514071428839,0.7454051319214934,-1.8515096353395926
549,274.5,0.5863947117954706,-0.6720734791458873,-3.1515867491562966
550,275.0,-0.06860152597027336,-1.740810184653144,-0.5644414454955552
551,275.5,-0.8305400925002208,-0.9996639322691485,3.384972133469557
552,276.0,-0.8071840383250379,1.182091964800886,4.6077706085482495
553,276.5,0.2695799993286394,2.8837177653823742,1.589334122004679
554,277.0,1.7043440864066488,2.4963849305160366,-3.01872565391493
555,277.5,2.443626518182679,0.314882591209793,-4.969660037348847
556,278.0,2.040627609951577,-1.7356802768128978,-2.59502300514214
557,278.5,1.032826712945452,-1.9691638569428611,1.5902581908073632
558,279.0,0.3704630400775544,-0.541264131580077,3.4465484728892095
559,279.5,0.4778900643034272,0.8023025266854653,1.3530939150727315
560,280.0,0.8870396277368618,0.5559100597862552,-2.223228264037766
561,280.5,0.7966512579537155,-0.9951586596895572,-3.2957094515126455
562,281.0,-0.026442453958667622,-2.070811438556517,-0.460110028816618
563,281.5,-0.9331750892596615,-1.2393174445774684,3.6143276694979245
564,282.0,-1.0004651667718534,1.0579023584739216,4.822984910936404
565,282.5,0.038605810214073166,2.8531441899265992,1.7529675672781186
566,283.0,1.4779921597334598,2.546070566730993,-2.8485699076812976
567,283.5,2.2654952680659024,0.4617629411345976,-4.752225108112871
568,284.0,1.9635700826752345,-1.4801872601134947,-2.399711431945023
569,284.5,1.102280309008786,-1.6519924229335718,1.6171080963373141
570,285.0,0.5909635292180319,-0.2743405706241644,3.2164784545426297
571,285.5,0.7934357036095334,0.9014611720578001,0.9394580947805742
572,286.0,1.1987263926215632,0.4429431584369387,-2.6203353075994076
573,286.5,1.009317198623851,-1.2628585427061834,-3.4977467041097836
574,287.0,0.037477515412796536,-2.380474092223123,-0.4355122900701377
575,287.5,-1.0142374847555944,-1.5003061844961194,3.760413283473508
576,288.0,-1.1926762033559886,0.8745663900277139,4.974056311224836
577,288.5,-0.2273972374035983,2.7403405999434263,1.89082949962329
578,289.0,1.174255440348734,2.512152881784652,-2.658220885907899
579,289.5,1.9725275503690904,0.5454490793541593,-4.4758017858471115
580,290.0,1.7485837181663682,-1.2522694269028654,-2.1245204810478864
581,290.5,1.0302277099673387,-1.3215735186242559,1.7239883117257517
582,291.0,0.6860079320702102,0.042176451230387935,3.0493163182046636
583,291.5,1.015038521859558,1.074800406831127,0.5597341578510222
584,292.0,1.456297008296549,0.41227759093520067,-3.0196025912687463
585,292.5,1.2070988281064032,-1.4588835079322555,-3.7397588088370703
586,293.0,0.11587175445254982,-2.6468188774059165,-0.482367457310493
587,293.5,-1.068982541301768,-1.7583887621564864,3.8199357161888803
588,294.0,-1.367848693425362,0.6519069167408067,5.047013449540441
589,294.5,-0.5046585679375951,2.556130591101435,1.981666910550293
590,295.0,0.8195032015688725,2.3940402365231224,-2.47112523087476
591,295.5,1.587953814859158,0.5542555541816789,-4.160382457949035
592,296.0,1.4108722619190857,-1.0716880455247804,-1.781072105796106
593,296.5,0.8210093132080676,-1.0007119262853328,1.910604958890847
594,297.0,0.6490078192439861,0.38827170132874667,2.956256727911495
595,297.5,1.127922951398785,1.3102619238230533,0.23383818440635373
596,298.0,1.6416602660793886,0.46299157205165875,-3.3973862782964765
597,298.5,1.3743711425638172,-1.5726241588053957,-4.000257122062224
598,299.0,0.20083668246974473,-2.8501540187071535,-0.5865831980852401
599,299.5,-1.0941459565128986,-1.9894272281186463,3.7962509385020926
600,300.0,-1.510731629598832,0.4128377286128213,5.033740228424518
601,300.5,-0.7679304073288645,2.3168492382087287,2.0078503201307103
602,301.0,0.4446618842453104,2.1977047530213443,-2.3102277237572344
603,301.5,1.1427631943490524,0.48248613758938186,-3.8287032970744934
604,302.0,0.9759273443223786,-0.9542763950311024,-1.3863074571330363
605,302.5,0.4904805967516321,-0.7113290875970889,2.1700676835231643
606,303.0,0.4845030741027406,0.7415279095724349,2.942229186707346
607,303.5,1.1265226610194183,1.5906604773728206,-0.02271924073959397
608,304.0,1.7429383016151692,0.5875371990959886,-3.7315115139459563
609,304.5,1.4983684589250286,-1.6000035601199796,-4.255924239687591
610,305.0,0.2844225561822804,-2.9756557942502786,-0.7293874111978117
611,305.5,-1.0882695177827466,-2.171324523349674,3.6990965559604545
612,306.0,-1.6080787661447826,0.18152658127383425,4.932633924775093
613,306.5,-0.9925755343278081,2.043037348974071,1.9567929173934417
614,307.0,0.0826742704909057,1.935207400084734,-2.196138994342758
615,307.5,0.673157962263076,0.3308866451467414,-3.504444347859632
616,308.0,0.4774185297221808,-0.9106874158536962,-0.9611554637793283
617,308.5,0.06466328953204159,-0.4727331380425735,2.4894297674198533
618,309.0,0.207705985644163,1.078895325615098,3.0055146330947218
619,309.5,1.0148233925717958,1.8950446024673795,-0.2000486707596809
620,310.0,1.7553104763429643,0.7723424985922973,-4.003025634940549
621,310.5,1.5701003237539783,-1.5437990043760128,-4.48347647558508
622,311.0,0.359165892654445,-3.014552814157521,-0.8888420152225492
623,311.5,-1.0519221825987741,-2.2857972780105715,3.543801118355747
624,312.0,-1.649816235931591,-0.018546154784763846,4.748734553662928
625,312.5,-1.1566494223985662,1.7577939689227748,1.8219694312257497
626,313.0,-0.23424768894583836,1.623734728807851,-2.145477941985531
627,313.5,0.21754691724029546,0.10658774004654381,-3.2103414322512682
628,314.0,-0.045610904624096615,-0.9455458296410748,-0.5288777759219876
629,314.5,-0.4224517331745937,-0.3000886061536442,2.8507060243046367
630,315.0,-0.15683995594505085,1.3785158099619288,3.137880081130688
631,315.5,0.8059103330571151,2.200355663705183,-0.2946599399327865
632,316.0,1.6812587115969042,0.9988884022327675,-4.19769669450057
633,316.5,1.5849280264949,-1.4134212622811102,-4.661516278767683
634,317.0,0.41854393038797477,-2.9648266366268805,-1.041597526039547
635,317.5,-0.9877967920564978,-2.319838223480385,3.350055602127076
636,318.0,-1.629990693904339,-0.16646585323362428,4.493323768374174
637,318.5,-1.2427975417447292,1.4849305894025535,1.6034432571094253
638,319.0,-0.4773399876437061,1.2842277442890273,-2.1695421305602225
639,319.5,-0.18666599828808222,-0.17746419293668203,-2.966377350741556
640,320.0,-0.5520070450463304,-1.0570836491488331,-0.1132233795751787
641,320.5,-0.9317679009169401,-0.20321557150906977,3.232301731969345
642,321.0,-0.5773745883232111,1.6214573267957002,3.325240091498376
643,321.5,0.5207640047703044,2.4832623957285174,-0.3097297678036215
644,322.0,1.5302080469508283,1.2451858709434485,-4.307142495419279
645,322.5,1.5427734357039713,-1.2241635003284854,-4.772243318042206
646,323.0,0.4573330881073143,-2.8313762202301875,-1.1647649559741826
647,323.5,-0.9006598536613395,-2.2667607399411644,3.1403397498372154
648,324.0,-1.5474121218648913,-0.24555734886395886,4.183034153069732
649,324.5,-1.239808792930251,1.247072838614583,1.307876014482793
650,325.0,-0.6237479460436061,0.9397183938106783,-2.273400094633614
651,325.5,-0.5062286561003859,-0.5035334009680712,-2.788196684283273
652,326.0,-1.0019498639273792,-1.2372819582220873,0.2634484402790349
653,326.5,-1.42236579727598,-0.1858148146263403,3.610724177130596
654,327.0,-1.0176236865135773,1.7932139360585075,3.5487849748792804
655,327.5,0.18641360780087557,2.7220173134139327,-0.2548330390356517
656,328.0,1.3176013238342832,1.487532622697814,-4.329487524959335
657,328.5,1.4479540056607165,-0.9959760441002627,-4.802876165551387
658,329.0,0.4718563214594582,-2.625625583965906,-1.2377530915116992
659,329.5,-0.7971412992904505,-2.126736114173511,2.9381209996062054
660,330.0,-1.4059211354718057,-0.244719822996611,3.8385274988476494
661,330.5,-1.1436834078385898,1.0638561916003284,0.9480103469718624
662,331.0,-0.6585208850775819,0.6134995627871276,-2.455476805320557
663,331.5,-0.7148604569562673,-0.8505004090043886,-2.6858611530811425
664,332.0,-1.360293257904519,-1.472506117663424,0.5819380257394311
665,332.5,-1.854930429076607,-0.24517500632532196,3.9624452078107097
666,333.0,-1.439857857019596,1.884857575289115,3.786481596822302
667,333.5,-0.16638652712265967,2.8981890867872035,-0.14516907730636364
668,334.0,1.0634999861927186,1.7024065777263342,-4.269503980465604
669,334.5,1.3086731077533171,-0.7518701620314223,-4.746672717841057
670,335.0,0.4601130832488054,-2.364610162915511,-1.2439184854545595
671,335.5,-0.6853686850526313,-1.9067807696617123,2.765978747517117
672,336.0,-1.214246178116671,-0.15931258526151804,3.4828530614229027
673,336.5,-0.9581145472132433,0.9503644408802172,0.5416655601131186
674,337.0,-0.5759634853075308,0.32727692453709345,-2.707672794822301
675,337.5,-0.7955022144142894,-1.1955365428791662,-2.6630526398809997
676,338.0,-1.5995181710882713,-1.7445882677765083,0.827724172539706
677,338.5,-2.195035848014866,-0.3723895133609285,4.265770161405433
678,339.0,-1.8080514345407435,1.8937486586967713,4.014834778866313
679,339.5,-0.5057593462268319,2.9981352700216815,-0.0003385721179929302
680,340.0,0.790837119656655,1.8683492607780885,-4.138225281167988
681,340.5,1.1362227637828708,-0.5160752669592512,-4.603473297844287
682,341.0,0.42179860472031216,-2.0696151552051827,-1.1719037216805948
683,341.5,-0.5744589482768052,-1.6201979073219703,2.6437994491137387
684,342.0,-0.98544791896557,0.008474804205506725,3.1396182444943475
685,342.5,-0.6943327523511011,0.9159333215384214,0.11033190273672533
686,343.0,-0.3802239286366512,0.09945095442925855,-3.0160017128996635
687,343.5,-0.7418036090917153,-1.51591086449442,-2.716785634122837
688,344.0,-1.7020486578844307,-2.0322682513883565,0.9921075832459403
689,344.5,-2.4160098122850346,-0.5530653471220852,4.502558462613955
690,345.0,-2.0908746886009197,1.8237463936445686,4.2107647027012876
691,345.5,-0.8013655868075418,3.0140944691114018,0.15723150860899437
692,346.0,0.5234737489204275,1.9676866842055087,-3.952058684186021
693,346.5,0.9439735328646418,-0.31209627810016904,-4.3797180098654245
694,347.0,0.35822279689107905,-1.764472218800354,-1.016554795237361
695,347.5,-0.47389518094714445,-1.285515709538436,2.587184634793611
696,348.0,-0.7359812916901325,0.24979818907069262,2.8311128287490357
697,348.5,-0.37031210103844614,0.963412868368985,-0.3225287559804062
698,349.0,-0.0850597033780951,-0.05633714791745115,-3.3616965214909444
699,349.5,-0.5587189633359912,-1.790788211033353,-2.8376492634275543
700,350.0,-1.6617364976644522,-2.312878893644409,1.0728922502819733
701,350.5,-2.5011402411057597,-0.7684665469787204,4.6596617584040745
702,351.0,-2.2642700877964685,1.68490393906589,4.353450279176859
703,351.5,-1.0268988348715369,2.9448117750051654,0.30408613619996494
704,352.0,0.28422479043156734,1.987949507336063,-3.731471565529228
705,352.5,0.7462426073507599,-0.16082848776197434,-4.087938637503707
706,353.0,0.27214445641406243,-1.4736528211820386,-0.7793429862609498
707,353.5,-0.39282984830718376,-0.9250079477769076,2.6062021768018058
708,354.0,-0.48444185791820044,0.5498667314391229,2.5765391399842237
709,354.5,-0.00939275909139331,1.0889486357942986,-0.7333400864141946
710,355.0,0.2872094248708386,-0.13227894908643778,-3.722698534595448
711,355.5,-0.26215465977483093,-2.0028757746614945,-3.010562967321719
712,356.0,-1.4843875973232905,-2.564143485727203,1.0745484643229704
713,356.5,-2.4450403898348427,-0.9970033887296899,4.729965615844294
714,357.0,-2.3134011480640444,1.492671089932519,4.4259942917773305
715,357.5,-1.162210559448182,2.795647495659199,0.4176231109040325
716,358.0,0.09301793871774433,1.9228802056507428,-3.4993550156696402
717,358.5,0.5571367617175524,-0.0788793492001143,-3.745766948703069
718,359.0,0.1675405862107459,-1.2203104738881614,-0.46826034117256277
719,359.5,-0.33936386534005697,-0.5629164861819765,2.7045781453141586
720,360.0,-0.25009127866582287,0.8891244502187746,2.390489008859057
